{"gradient_norm": 0.26068615913391113, "_timestamp": 1721140337.5917656, "_runtime": 696.9618046283722, "_step": 30}